2017	 bras ouverts	Ary	Abittan	male	?
2017	 bras ouverts	Marc	Arnaud	male	Clment Barzach
2017	 bras ouverts	Oscar	Berthe	male	?
2017	 bras ouverts	Christian	Clavier	male	Jean-Etienne Fougerole
2017	 bras ouverts	Nanou	Garcia	female	?
2017	 bras ouverts	Cyril	Lecomte	male	?
2017	 bras ouverts	Sofiia	Manousha	female	?
2017	 bras ouverts	Elsa	Zylberstein	female	l'pouse de Jean-Etienne
2017	 deux	Kayla	Gainer	female	Anna (Shoshanna)
2017	#2WheelzNHeelz	Eva	Queen	female	Queen (2017)
2017	#2WheelzNHeelz	Jewel	Tankard	female	Herself(2017)
2017	#BreakfastClub	Mike C.	Manning	male	?
2017	#CoEdConfessions	Nicole	Anderson	female	?
2017	#CoEdConfessions	Bruna	Brito	female	Clingy Monday
2017	#CoEdConfessions	Janine	Bunag	female	Bernadette Jimmy's girlfriend
2017	#CoEdConfessions	Chance Aaron	Conley	male	?
2017	#CoEdConfessions	JaVonte	Derion	male	Bob
2017	#CoEdConfessions	Sara	Edelstein	female	?
2017	#CoEdConfessions	Guillermo	Gomez	male	?
2017	#CoEdConfessions	Rachael	Hadassah	female	Wednesday Levine
2017	#CoEdConfessions	Gamaliel	Huerta	male	?
2017	#CoEdConfessions	Jeannette	Jolivette	female	?
2017	#CoEdConfessions	Aryeh Yakov	Katz	male	?
2017	#CoEdConfessions	Polina	Litvak	female	Smelly Thursday
2017	#CoEdConfessions	Kenneth	Lum	male	?
2017	#CoEdConfessions	Jamari	McGee	male	?
2017	#CoEdConfessions	Adina	Pernell	female	Friday Lopez
2017	#CoEdConfessions	Stan	Sechulviner	male	?
2017	#CoEdConfessions	Richie	Tavake	male	Marco
2017	#CoEdConfessions	Molly	Trad	female	Tuesday Jackson
2017	#CoEdConfessions	Eric	Utomo	male	Tony
2017	#CoEdConfessions	Gina	White	female	?
2017	#EradosGigantes	Celso	Amorim	male	Amorim, Celso
2017	#EradosGigantes	Cristovam	Buarque	male	Buarque, Cristovam
2017	#EradosGigantes	Mino	Carta II	male	Carta II, Mino
2017	#EradosGigantes	Samuel Pinheiro	Guimares II	male	Guimares II, Samuel Pinheiro
2017	#EradosGigantes	Luiz Felipe	Lampreia	male	Lampreia, Luiz Felipe
2017	#EradosGigantes	Sergio	Leo	male	Leo, Sergio
2017	#EradosGigantes	Matias	Spektor	male	Spektor, Matias
2017	#EradosGigantes	Oliver	Stuenkel	male	Stuenkel, Oliver
2017	#EradosGigantes	Luiz Incio Lula	da Silva	male	da Silva, Luiz Incio Lula
2017	#FromJennifer	Aaron	Abrams	male	Ralph Sinclair
2017	#FromJennifer	Christian	Ackerman	male	Simon
2017	#FromJennifer	Sarah Allyn	Bauer	female	Elizabeth
2017	#FromJennifer	Jenny	Brezinski	female	Fredricka
2017	#FromJennifer	Chrissy	Cannone	female	Susan
2017	#FromJennifer	Mike	Capes	male	Eddie
2017	#FromJennifer	Charles	Chudabala	male	Charlie
2017	#FromJennifer	Emily	Dahm	female	Sandra
2017	#FromJennifer	Meghan	Deanna Smith	female	Stephanie Hart
2017	#FromJennifer	Neil W.	Garguilo	male	Gavin
2017	#FromJennifer	Matt	Holbrook	male	Dennis
2017	#FromJennifer	Trae	Ireland	male	Officer Robert Brown
2017	#FromJennifer	Erin	Killean	female	Imogen
2017	#FromJennifer	Curtis	Kingsley	male	Victor
2017	#FromJennifer	Keith	Korneluk	male	Harold
2017	#FromJennifer	Kurt	Maloney	male	Todd
2017	#FromJennifer	Flannery	Maney	female	Lily
2017	#FromJennifer	Ryan	Marsico	male	Phil
2017	#FromJennifer	Christopher	Mathieu	male	Jerry
2017	#FromJennifer	Derek	Mears	male	Butch Valentine
2017	#FromJennifer	Jordan	Mitchell	male	Jonathan
2017	#FromJennifer	Jason	Murphy	male	Gil
2017	#FromJennifer	Alex	Napiwocki	male	Mitch
2017	#FromJennifer	Devin	Reeve	male	Slick
2017	#FromJennifer	Travis	Richardson	male	Owen
2017	#FromJennifer	Kurt	Scholler	male	Albert
2017	#FromJennifer	Danielle	Taddei	female	Jennifer Peterson
2017	#FromJennifer	Justin Michael	Terry	male	Adam
2017	#FromJennifer	Tony	Todd	male	Chad Wolfe
2017	#FromJennifer	Emlee	Vassilos	female	Rachel
2017	#FromJennifer	Raymond Vinsik	Williams	male	Jay
2017	#Murder	Alicia	Cuthbertson	female	Jacqueline Redding
2017	#Murder	MonaLesa	Diamond	female	Natasha Davis
2017	#Murder	Jennifer Lynn	Duncan	female	Camille
2017	#Murder	Aaron	Harris	male	Ivan Redding
2017	#Murder	Chris	Marks	male	Detective Patrick Bodine
2017	#Murder	Kirill	Sheynerman	male	Jeremy Roth
2017	#Murder	Travis	Smith	male	Andrew Brown
2017	#Murder	Eric J.	Stokes	male	Buck Wild Gang
2017	#NotAlone	Viky	Maidanoglou	female	?
2017	#OpenSeason	Maya	Holliday	female	Alex
2017	#OpenSeason	Eiko	Kawashima	female	Luna Nabeshima
2017	#OpenSeason	Cj	Salvani	male	Calvin Jackson
2017	#OpenSeason	Karla	Taveras	female	Extra
2017	#OpenSeason	Jadelynn	Torres	female	Anne
2017	#OpenSeason	Pamela Drake	Wilson	female	Clinic Doctor
2017	#REALITYHIGH	Suzanne	Altfeld	female	Freddie's Grandmother
2017	#REALITYHIGH	Jake	Borelli	male	Freddie Myers
2017	#REALITYHIGH	Anthony	Chang	male	HS Student
2017	#REALITYHIGH	Nesta	Cooper	female	Dani Barnes
2017	#REALITYHIGH	Marissa	Cuevas	female	Kimmy
2017	#REALITYHIGH	Patrick	Davis	male	Miguel
2017	#REALITYHIGH	Alejandro	Edda	male	Big Jim
2017	#REALITYHIGH	Ashley Danielle	Fareas	female	Featured - Popular Girl
2017	#REALITYHIGH	Peter	Gilroy	male	Broussard
2017	#REALITYHIGH	Carolina	Gmez	female	Adriana Medina
2017	#REALITYHIGH	Rebekah	Graf	female	Lana Drake
2017	#REALITYHIGH	John Michael	Higgins	male	Principal Dixon
2017	#REALITYHIGH	Thomas Anthony	Jones	male	Mr. Drake
2017	#REALITYHIGH	Mia	Juel	female	?
2017	#REALITYHIGH	Punnavith	Koy	male	Cool Guy in the Pool
2017	#REALITYHIGH	Hashim	Lafond	male	Business Man
2017	#REALITYHIGH	Tatiana	Lett	female	Young Dani
2017	#REALITYHIGH	Joseph	Luckay	male	Freshman
2017	#REALITYHIGH	Ryan	Malaty	male	Vinny
2017	#REALITYHIGH	Kellen	Michael	male	Karl Hurwitz
2017	#REALITYHIGH	Valerie	Miller	female	Mrs. Barnes
2017	#REALITYHIGH	Chris	Osborn	male	Eugene
2017	#REALITYHIGH	Keith	Powers	male	Cameron Drake
2017	#REALITYHIGH	Michael	Provost	male	Shannon
2017	#REALITYHIGH	Leah Rose	Randall	male	Taylor Barnes
2017	#REALITYHIGH	Melissa	Rey	female	Rally Student
2017	#REALITYHIGH	Jeffrey D.	Sams	male	Mr. Barnes
2017	#REALITYHIGH	Alicia	Sanz	female	Alexa Medina
2017	#REALITYHIGH	Jana	Savage	female	Mrs. Savage
2017	#REALITYHIGH	David	St. James	male	Alfred
2017	#REALITYHIGH	Lilian	Tapia	female	Vinny's Mom
2017	#REALITYHIGH	Dylan C.	Thomas	female	Roller Skating Waitress
2017	#REALITYHIGH	Olivia	Trujillo	female	Young Alexa
2017	#REALITYHIGH	Kate	Walsh	female	Dr. Fiona Shively
2017	#REALITYHIGH	Anne	Winters	female	Holly
2017	#Roxy	Chris	Aanderson	male	Roxy's Dad
2017	#Roxy	Angelique	Berry	female	Girl in cafe
2017	#Roxy	Kelsie	Blain	female	Pep Rally Student
2017	#Roxy	Lindsey	Campbell	female	Librarian
2017	#Roxy	Christopher	Corbett	male	Bergerac High School Student
2017	#Roxy	Hannah	Duke	female	Deana
2017	#Roxy	Brooklyn	Falebrenza	female	Bergerac High School Student
2017	#Roxy	Sarah	Fisher	female	Roxy
2017	#Roxy	Izabela	Gunderson	female	Football Spectator
2017	#Roxy	Sarah	Jackson	female	High School student
2017	#Roxy	Hayden	James	male	Bergerac High School Student
2017	#Roxy	Aaliyah	Jomha	female	Bergerac High School Student
2017	#Roxy	Braydon	Langford	male	High School Student
2017	#Roxy	Jesse	Lipscombe	male	Coach Harris
2017	#Roxy	Pippa	Mackie	female	Bronwyn
2017	#Roxy	Julio	Mateo	male	Football Spectator
2017	#Roxy	Dayton	Miller	male	Bergerac High School Student
2017	#Roxy	Maya	Molly	female	Pep Rally Student
2017	#Roxy	Natalee	Peer	female	Bergerac High School Student
2017	#Roxy	Scott	Pocha	male	Mike
2017	#Roxy	Amy	Polczer	female	Bergerac High School Student
2017	#Roxy	Amber	Shaun	female	Chemistry Teacher
2017	#Roxy	Jake	Short	male	Cyrus Nollen
2017	#Roxy	Jake	Smith	male	Lee
2017	#Roxy	Booboo	Stewart	male	Christian
2017	#Roxy	Trevor	Talbott	male	Doctor (Featured)
2017	#Roxy	Danny	Trejo	male	Principal Castillo
2017	#Roxy	Patricia	Zentilli	female	Gail Nollen
2017	#Selfi	Fedor	Bondarchuk	male	Max
2017	#Selfi	Konstantin	Khabenskiy	male	Bogdanov
2017	#Selfi	Yuliya	Khlynina	female	?
2017	#Selfi	Anna	Mikhalkova	female	Vika
2017	#SexSells	Fernanda	Chamorro	female	Hostage 1
2017	#SexSells	Kelsey	Fordham	female	Lauren
2017	#SexSells	John	Jimenez	male	Pimp
2017	#SexSells	Shea	McCormick	male	Thug 1
2017	#SexSells	Joey	McEvoy	male	Jeremy
2017	#SexSells	Melissa	Ventura	female	Teenage Lauren
2017	#SexSells	Priscilla	Ventura	female	Lauren's Mother
2017	#SingleBecause	Mariah	Owen	female	Hannah Scottsdale
2017	#SodaCirque	Charly	Alberti	male	Himself
2017	#SodaCirque	Zeta	Bosio	male	Himself
2017	#SodaCirque	Jean-Franois	Bouchard	male	Himself
2017	#SodaCirque	Derek	Broussard	male	Himself
2017	#SodaCirque	Benito	Cerati	male	Himself
2017	#SodaCirque	Laura	Cerati	female	Herself
2017	#SodaCirque	Fernando	Cobo	male	Himself
2017	#SodaCirque	Lucie	Janvier	female	Herself
2017	#SodaCirque	Charles	Joron	male	Himself
2017	#SodaCirque	Michel	Laprice	male	Himself
2017	#SodaCirque	Rnald	Laurin	male	Himself
2017	#SodaCirque	Diego	Senz	male	Himself
2017	#SodaCirque	Adrin	Taverna	male	Himself
2017	#SodaCirque	Chantal	Tremblay	female	Herself
2017	#Speedball	Andrew	Bachelor	male	Tyler Ferguson
2017	#Speedball	Nikki	Baker	female	Jet Tech Employee
2017	#Speedball	Amanda	Cerny	female	Lexi
2017	#Speedball	John	Dahl	male	Jet Tech Employee
2017	#Speedball	Christian	Delgrosso	male	Jeff Lewis
2017	#Speedball	Curtis	Lepore	male	Matt Lewis
2017	#Speedball	Will	McMahon	male	E.C. Tigers Coach
2017	#Speedball	Eric	Roberts	male	Louie
2017	#Speedball	Eric	Unger	male	'Nuch' Antonucci
2017	#SquadGoals	Paris	Berelc	female	Brittany Gomez
2017	#SquadGoals	Eric Stanton	Betts	male	Lance Hobart
2017	#SquadGoals	Peyton	Clark	male	Rudy Kampion
2017	#SquadGoals	Pedro	Correa	male	Jordan Reynolds
2017	#SquadGoals	Bettina	Devin	female	Mrs. Perkins
2017	#SquadGoals	Corey	Fogelmanis	male	Nate Squires
2017	#SquadGoals	Alissa	Latow	female	Angela Dodds
2017	#SquadGoals	Sheryl	Lee	female	Emily Hodges
2017	#SquadGoals	Alexa	Mansour	female	Gillian Brady
2017	#SquadGoals	Michele	Panu	female	Paula
2017	#SquadGoals	Sherri	Saum	female	Jane Pope
2017	#SquadGoals	Kennedy Lea	Slocum	female	Samantha Hodges
2017	#SquadGoals	Chelsea	Switzer	female	Miss Desai
2017	#TheFaustFlick	Francisco	Daz	male	Faust
2017	#TheFaustFlick	Milagros	Durn	female	The Angel
2017	#TheFaustFlick	G.A.	Mercado	male	The Devil
2017	#Threesacrowd	David	Carzell	male	Barry
2017	#Threesacrowd	Megan	Griffiths	female	Janet
2017	#Threesacrowd	Ben	Kelley	male	Jake
2017	#Threesacrowd	Ann Marie	Lindbloom	female	Mrs. Burley
2017	#Threesacrowd	Toniann	Monaco	female	Missy
2017	#Threesacrowd	Fatimah	Taliah	female	Tina
2017	#WhenTodayEnds	Ashley Erin	Campbell	female	Beth
2017	#WhenTodayEnds	Candice	Coke	female	Megan
2017	#WhenTodayEnds	Ben	Gust	male	Matty Matt
2017	#WhenTodayEnds	Heidi	Kaufman	female	Jenna's Mom
2017	#WhenTodayEnds	Gavin	Leatherwood	male	Nick
2017	#WhenTodayEnds	Carrie	Madsen	female	Nick's Mom
2017	#WhenTodayEnds	Matthew Ryan	Michaels	male	Dash
2017	#WhenTodayEnds	Paul	Pancoe	male	Jenna's Dad
2017	#WhenTodayEnds	Lauren	Peterson	female	Karen
2017	#WhenTodayEnds	Ozy	Reigns	male	Kevin
2017	#WhenTodayEnds	John Henry	Richardson	male	?
2017	#WhenTodayEnds	Karsen	Rigby	female	Emma
2017	#WhenTodayEnds	Kristina	St. Peter	female	Michelle
2017	#WhenTodayEnds	Tyler	Tanner	male	Nick's Dad
2017	#WhenTodayEnds	Deborah	Vancelette	female	Stephanie
2017	#WhenTodayEnds	Jacqi	Vene	female	Jenna
2017	#WhenTodayEnds	Tonny	Zorrilla	male	Editor
2017	#family	Torran	Kitts	male	?
2017	#family	Michaela	Morgan	female	?
2017	#family	Laura	Quirk	female	Foster mom
2017	#family	Toby	Stevens	male	?
2017	#murderchallenge	Louis	Galdo	male	Fuckin' Louie
2017	#murderchallenge	Jenna	Renee	female	Victim
2017	#murderchallenge	Shane	Ryan	male	Himself
2017	#murderchallenge	Vex X.	Starskream	male	Perpetrator
2017	#somos	Cesar	Rodriguez	male	Himself - Host
2017	#twentyfiveish	Brendan	Robinson	male	Tucker
2017	#virus	Andrea	Pergolesi	male	Man in the bathroom
2017	$ettle Up	Israel	LaBoy	male	Paschal
2017	$ettle Up	Laura	Lemire	female	Alec
2017	$ettle Up	Yeni	Romero	female	Harriet
2017	&	Julien	Ravetto	male	?
2017	'88	Craig	Bergman	male	University of Arizona Basketball Player
2017	'88	Mike	Bibby	male	University of Arizona Basketball Player
2017	'88	Jay	Bilas	male	ESPN College Basketball Analyst
2017	'88	Dana	Cooper	male	TV Sports Reporter
2017	'88	Cedric	Dempsey	male	University of Arizona Athletic Director
2017	'88	John	Edgar	male	University of Arizona Basketball Player
2017	'88	Sean	Elliott	male	University of Arizona Basketball Player
2017	'88	Bruce	Fraser	male	University of Arizona Basketball Player
2017	'88	Anthony	Gimino	male	College Basketball Writer
2017	'88	Jay	Gonzales	male	College Basketball Writer
2017	'88	Greg	Hansen	male	College Basketball Writer
2017	'88	Brian	Jeffries	male	Radio Sports Announcer
2017	'88	Steve	Kerr	male	University of Arizona Basketball Player
2017	'88	Kenny	Lofton	male	University of Arizona Basketball Player
2017	'88	Harvey	Mason Jr.	male	University of Arizona Basketball Player
2017	'88	Craig	McMillan	male	University of Arizona Basketball Player
2017	'88	Matt	Muehlebach	male	University of Arizona Basketball Player
2017	'88	Lute	Olson	male	University of Arizona Basketball Coach
2017	'88	Steve	Rivera	male	College Basketball Writer
2017	'88	Jim	Rosborough	male	University of Arizona Assistant Basketball Coach
2017	'88	Dave	Silver	male	TV Sports Anchor
2017	'88	Tom	Tolbert	male	University of Arizona Basketball Player
2017	'88	Joe	Turner	male	University of Arizona Basketball Player
2017	'88	Pete	Williams	male	University of Arizona Basketball Player
2017	'Egg': A Short Film about Loneliness	Dominique	Varvouni-Giatrakou	male	'Sister'
2017	'Egg': A Short Film about Loneliness	Dylan	Watton	male	Dylan
2017	'Michael' - The Michael Watson Story	Ben	Bazell	male	Defence Lawyer
2017	'Michael' - The Michael Watson Story	Wil	Johnson	male	Lennard Ballack
2017	'Michael' - The Michael Watson Story	Nick	Moran	male	Barry Hearn
2017	'Michael' - The Michael Watson Story	Bruce	Payne	male	Frank Warren
2017	'Michael' - The Michael Watson Story	Sebastian	Street	male	Michael Toohig
2017	'Michael' - The Michael Watson Story	Rudolph	Walker	male	Uncle Joe
2017	'Michael' - The Michael Watson Story	Nathanael	Wilson	male	Chris Eubank
2017	'The Day of the Purple Sun': Part I	Carsten	Frank	male	Anubis
2017	'The Day of the Purple Sun': Part I	Margarethe	von Stern	female	Margarethe
2017	(A Very) Ham Fisted Stake Out	Eliza	Butterworth	female	Erica
2017	(A Very) Ham Fisted Stake Out	Gianpiero	Cognoli	male	Storm
2017	(A Very) Ham Fisted Stake Out	Steven	Hartley	male	John-Boy
2017	(A Very) Ham Fisted Stake Out	Helen	Kurup	female	Clover
2017	(A Very) Ham Fisted Stake Out	Tom	Varey	male	Ward
2017	(Encore) une sparation	Claire	Beugnies	female	Chanteuse karaok
2017	(Encore) une sparation	Maxime	Clausse	male	L'enfant
2017	(Encore) une sparation	Ronnie	Commissaris	male	Pre Nol Flamand
2017	(Encore) une sparation	Stphanie	Crayencour	female	Sacha
2017	(Encore) une sparation	Stephanie	Goemaere	female	Katia
2017	(Encore) une sparation	Herv	Piron	male	Thierry
2017	(Encore) une sparation	Simone	Poucan	female	Madame Pipi
2017	(Encore) une sparation	Xavier	Seron	male	Pre Nol jeune
2017	(Encore) une sparation	Vincent	Tavier	male	Pre Nol g
2017	(Encore) une sparation	Alexis	Van Stratum	male	Claude
2017	(External)	Brandon E.	Lee	male	The Boy
2017	(External)	Aaron	Monajjemi	male	The Strangely Dressed Man
2017	(Not) A Love Story	Madeleine	Michael	female	Ida
2017	(Not) Superficial	Zarko	Spasovski	male	?
2017	(Not) Superficial	Aleksandar	Veljanovski	male	?
2017	(Out)caste	Rafiq	Batcha	male	Mr. Shah
2017	(Out)caste	Sahil	Ganatra	male	Raja
2017	(Out)caste	Deepti	Gupta	female	Mrs. Shah
2017	(Out)caste	Aurea	Jolly	female	Amrita
2017	(Out)caste	Sophia	Kasbaum	female	Manu
2017	(Out)caste	Nandini	Minocha	female	Dasi
2017	(Out)caste	Rina	Nath	female	Sia
2017	(Out)caste	Avy	Samala	female	Avi
2017	(Out)caste	Jaspreet	Singh	male	Shopkeeper
2017	(Un)Balanced: A Web Series	Melissa	Buriak	male	Yogi/Meditation Student
2017	(Un)Balanced: A Web Series	Zachery	Byrd	male	Uber Driver
2017	(Un)Balanced: A Web Series	Valeska	Cambron	female	Snobby Hot Receptionist #2
2017	(Un)Balanced: A Web Series	Laura	Dadap	female	Dottie
2017	(Un)Balanced: A Web Series	Parker	Drown	male	Quartet Singer
2017	(Un)Balanced: A Web Series	Doug	Drucker	male	Subway Flower Guy
2017	(Un)Balanced: A Web Series	Elizabeth	Dugas	female	Yogi/Meditation Student
2017	(Un)Balanced: A Web Series	Joshua	George	male	Acupuncture Receptionist
2017	(Un)Balanced: A Web Series	Regina	Gibson	female	Team Builder #2
2017	(Un)Balanced: A Web Series	Noah	Gouldsmith	male	Subway Showtime Dancer
2017	(Un)Balanced: A Web Series	Matthew J.	Harris	male	Max
2017	(Un)Balanced: A Web Series	Daisy	Hobbs	female	Ms. Cork/Boss Lady
2017	(Un)Balanced: A Web Series	Brittany	Jeffery	male	Juice Cleanse Woman
2017	(Un)Balanced: A Web Series	Terria	Joseph	female	Melissa's Mom
2017	(Un)Balanced: A Web Series	Nick	Lehan	male	Quartet Singer
2017	(Un)Balanced: A Web Series	Colleen	MacPhee	female	Team Builder
2017	(Un)Balanced: A Web Series	Megan	MacPhee	female	Melissa
2017	(Un)Balanced: A Web Series	Johnny	Marx	male	Team Builder
2017	(Un)Balanced: A Web Series	Asia Diamond	Mason	female	Go-Go Dancer
2017	(Un)Balanced: A Web Series	Rob	McClure	male	Acupuncture Guy
2017	(Un)Balanced: A Web Series	Kevin	Molduene	male	Subway Pervert
2017	(Un)Balanced: A Web Series	Maggie	Politi	female	Jessie
2017	(Un)Balanced: A Web Series	Erika	Robel	female	Virginia Montgomery
2017	(Un)Balanced: A Web Series	Iris	Severino	female	Meditation Student
2017	(Un)Balanced: A Web Series	Brooke	Shapiro	female	Barista
2017	(Un)Balanced: A Web Series	Michael	Stiggers	male	Hot Meditation Guy
2017	(Un)Balanced: A Web Series	Cory	Stonebrook	male	Jim the Juice Delivery Guy
2017	(Un)Balanced: A Web Series	Ryan	Stutz	male	Team Builder #3
2017	(Un)Balanced: A Web Series	Diana	Suko	female	Team Builder
2017	(Un)Balanced: A Web Series	Elizabeth	Taylor	female	Liz Meditation Assistant
2017	(Un)Balanced: A Web Series	Tiffany	Trainer	female	Snobby Hot Receptionist
2017	(Un)Balanced: A Web Series	Vishal	Vaidya	male	Lead Quartet Singer
2017	(Un)Balanced: A Web Series	Dan	Van Why	male	Quartet Singer
2017	(Un)Balanced: A Web Series	Liba	Vaynberg	female	Melissa's Roommate
2017	(Un)Balanced: A Web Series	Brian C.	Veith	male	Meditation Student/Party Guest
2017	(Un)Balanced: A Web Series	Katherine	Weatherford	female	Yogi
2017	(Un)Balanced: A Web Series	Holli Brooke	Wilcox	male	Party Guest
2017	(Un)Balanced: A Web Series	Tiffeny	Wilson	female	Team Builder #1
2017	(Untitled Michael Esposito Project)	Michael	Esposito	male	Himself
2017	(Untitled Michael Esposito Project)	Adi	Newton	male	Himself
2017	(You Are) the Only Proof That I Exist	Guillaume	Campanacci	male	Serge
2017	(You Are) the Only Proof That I Exist	Vedrana	Egon	female	Nola
2017	... It's Love?	Patrik	Beluzic	male	Tuco
2017	... It's Love?	Dalia Concha	Carassco	female	Cherry
2017	... It's Love?	Manuel	Ferneberg	male	Police officer Edi
2017	... It's Love?	Valeria	Haydn	female	Margit
2017	... It's Love?	Antonio	Ivosevic	male	Tony
2017	... It's Love?	Nikita	Ivosevic	male	Neve
2017	... It's Love?	Juro	Jakovljevic	male	Mandzo
2017	... It's Love?	Laura	James	female	Billy
2017	... It's Love?	Vjekoslav	Katusin	male	Vjekoslav Katusin
2017	... It's Love?	Ulf	Lechner	male	Bank Boss
2017	... It's Love?	Sandra	Neumann	female	Sandra
2017	... It's Love?	Drazen	Pilic	male	?
2017	... It's Love?	Enrico	Saller	male	Rico
2017	... It's Love?	Beata	Scheuerli	female	Elke
2017	... It's Love?	Sarah	Schmid	female	?
2017	... It's Love?	Aferdita	Shabani	female	Diata
2017	... It's Love?	Elli	Sterzl	male	Lover
2017	... It's Love?	Aaron	Taore	male	Blacky
2017	... It's Love?	Emrah	Uludag	male	Arkadash
2017	... It's Love?	Bare	Vardic	male	Barek
2017	... It's Love?	Frano	Vardic	male	Barkeeper
2017	... It's Love?	Mirko	Vardic	male	Bobo
2017	... It's Love?	Kristijan	Vidakovic	male	Bouncer
2017	... It's Love?	Tanja	Zulim	female	?
2017	... It's Love?	Sandro	di Stefano	male	Doctor
2017	00:00 (Zero)	Ace	Alexander	male	Featured German Soldier
2017	00:00 (Zero)	Jamie	Avera	male	Obherst
2017	00:00 (Zero)	Pete	Collie	male	First Lieutenant Evans
2017	00:00 (Zero)	Darren	Darnborough	male	Second Lieutenant Vincent
2017	00:00 (Zero)	Andrew J	Katers	male	Private Little
2017	00:00 (Zero)	J.P.	Wohl	male	Ostring
2017	1	Alice	Amter	female	She - Boss
2017	1	London	Bridges	male	Black Assassin
2017	1	Jude	Ciccolella	male	Chase Leader
2017	1	Jeremy	Craven	male	Sheriff
2017	1	Jose	De La Cruz	male	Policeman
2017	1	George	Dinu	male	Man Running with the Girl
2017	1	Ashley	Fennario	female	Policewoman
2017	1	Narmar	Hanna	female	Third Woman
2017	1	Ben R.	Hansberger	male	Old Cop
2017	1	Lacey	Joplin	female	Little Girl in Red Dress
2017	1	Scott	Klace	male	First Encounter Man
2017	1	Ray	Kline	male	Man Standing
2017	1	Marysia	Kozlowska	female	Girl
2017	1	Leon	Kozlowski	male	Boy
2017	1	Yvonne	Lin	female	Asian Assassin
2017	1	James	Morrison	male	Boss 2
2017	1	Ethan	Phillips	male	Boss
2017	1	Michael	Santorico	male	Driver
2017	1 1/2 Hora	Martn	Bermejo	male	Security Guard
2017	1 1/2 Hora	Carlos	Bonet	male	Security Guard
2017	1 1/2 Hora	Jonatan	Castao	male	Ruffian
2017	1 1/2 Hora	Mireia	Chamb	female	Carolina
2017	1 1/2 Hora	Elena	Dominguez	female	Miss Puri
2017	1 1/2 Hora	Martn	Elorrieta	male	Janitor
2017	1 1/2 Hora	Eduardo	Esp	male	Juan/Kidnapper
2017	1 1/2 Hora	Victoria	Gonzlez	female	Ana Mara (daughter)
2017	1 1/2 Hora	Francisco M.	Hermn	male	Hobbo
2017	1 1/2 Hora	Jennifer	Landa	female	Ana
2017	1 1/2 Hora	Dionisio	Martnez	male	Don Francisco
2017	1 1/2 Hora	Alfredo	Montesinos	male	Joaqun
2017	1 1/2 Hora	Yarima	Osuna	female	Operator 112
2017	1 1/2 Hora	Goyo	Parreo	male	Ruffian
2017	1 1/2 Hora	Idoya	Rossi	male	Housewife
2017	1 1/2 Hora	Lidia	T.B.	female	Elena
2017	1 1/2 Hora	Jorge	Verd	male	Carlos
2017	1 2 3 4 5 6 7 8	Enrique	Penn	male	Himself
2017	1 2 3 4 5 6 7 8	Tyler	Tobyne	male	Himself
2017	1 2 3 4 5 6 7 8	Courtney	Vogel	male	?
2017	1 Interrogation	Tom	Arnold	male	Robert Jenks
2017	1 Interrogation	Lee	Beffort	male	Milton Graham
2017	1 Interrogation	Ryan	Bollman	male	Lester Gage
2017	1 Interrogation	Brianna	Borden	female	Emily Proctor
2017	1 Interrogation	Natalie Roshon	Brent	female	?
2017	1 Interrogation	Anthony	Burkhalter	male	Norman Phillips
2017	1 Interrogation	Dee	Cutrone	female	Edith Parsons
2017	1 Interrogation	Steve	Dressler	male	Father Thomas Francis
2017	1 Interrogation	Franklin	English	male	Moses Watts
2017	1 Interrogation	Austen	Gardner	male	Agent Fischer
2017	1 Interrogation	Sharon	Garrison	female	Goldie
2017	1 Interrogation	Ivana	Gavrilovic	female	Maria Wald
2017	1 Interrogation	Dalton E.	Gray	male	Jack Jones
2017	1 Interrogation	Jay	Hieron	male	Clifton
2017	1 Interrogation	Cristina	Hinds	female	Jovanna West
2017	1 Interrogation	Patty	Hinds	female	Cora
2017	1 Interrogation	Ally	Holmes	female	Dr. Marsha Collins
2017	1 Interrogation	Joseph	Huebner	male	Churchill Warren
2017	1 Interrogation	Kenna	James	male	Ace
2017	1 Interrogation	Mark	Justice	male	Dr. Gordon
2017	1 Interrogation	Cassandra	Kliewer	female	Rosa Min
2017	1 Interrogation	Allison	Lear	female	EMT Technician
2017	1 Interrogation	Damien	Lear	male	Jake Bryant
2017	1 Interrogation	Amy	Lyndon	female	Edie James
2017	1 Interrogation	Chaize	Macklin	female	Kyra Wayne
2017	1 Interrogation	Ernell	Manabat	male	Dr. Jon Karl
2017	1 Interrogation	Stephen	Manley	male	Ben Barnes
2017	1 Interrogation	Gabriella	Martinez	female	Valerie
2017	1 Interrogation	Michael J.	Morey	male	Ralph
2017	1 Interrogation	Landa	Morland	female	Olga Azarov Lewis
2017	1 Interrogation	Claire Atherton	Mueller	female	Jennifer Wells
2017	1 Interrogation	Craig Allen	Mueller	male	Professor Russell
2017	1 Interrogation	Elizabeth Hinds	Mueller	female	Kerry James
2017	1 Interrogation	William Edward	Mueller	male	Devon
2017	1 Interrogation	Eduard	Osipov	male	Mark Andreyev
2017	1 Interrogation	Dan Hewitt	Owens	male	Detective Bill Daniels
2017	1 Interrogation	Joe	Palubinsky	male	Perry
2017	1 Interrogation	Frank	Parrillo	male	Crazy Billy
2017	1 Interrogation	Ryan	Popowcer	male	J. Wellington
2017	1 Interrogation	Douglas	Pritchard	male	Will Baxter
2017	1 Interrogation	Lyndsey	Rae	female	Elizabeth Waters
2017	1 Interrogation	Jason	Rosen	male	Luther Scott
2017	1 Interrogation	James	Sjurson	male	Conrad Johnson
2017	1 Interrogation	James D.	Smith Jr.	male	Mickey Young
2017	1 Interrogation	Danni	Tamburro	female	Chrissy Jenks
2017	1 Interrogation	Brooklyn	Tanner	female	Alicia Nixon
2017	1 Interrogation	Nerissa	Tedesco	female	Medical Examiner
2017	1 Interrogation	Judy	Thomas	female	Janet
2017	1 Interrogation	Izabella Victoria	Villanos	female	Wheelchair Patient
2017	1 Interrogation	Jessica	Warning	female	Nicole
2017	1 Interrogation	Morgen	Weaver	male	Justin Russell
2017	1 Interrogation	Joey	Western	male	Clive Barker
2017	1 Interrogation	Penny H	Wilson	female	Mona Jenks
2017	1 Interrogation	Shae	Wilson	female	Sarah Watts
2017	1 Interrogation	Maryla	Wolf	female	Jusefina Hoffman
2017	1 Interrogation	Charidy	Wronski	female	District Attorney Ann Walker
2017	1 Interrogation	Ryla J.	Wronski	female	Jenny Jones
2017	1 Mile to You	Jordan	Borges	male	Spectator
2017	1 Mile to You	Elizabeth	Canavan	female	Mrs. Schuler
2017	1 Mile to You	Natalie	Chevonne	female	Spectator
2017	1 Mile to You	Joy	Clark	female	Rhonda
2017	1 Mile to You	Thomas	Cocquerel	male	Rye
2017	1 Mile to You	Peter	Coyote	male	Principal Umber
2017	1 Mile to You	Billy	Crudup	male	Coach K
2017	1 Mile to You	Kim	Culpepper	female	Department Store Shopper
2017	1 Mile to You	Ja'vonn	Davis	male	Grant Bladholm
2017	1 Mile to You	Marcus	Dupree	male	Mr. Brule
2017	1 Mile to You	Casey	Groves	male	Mr. Bledsoe
2017	1 Mile to You	Kelvin	Hall	male	Race official
2017	1 Mile to You	Samantha	Hodges	female	Tam Butterbit
2017	1 Mile to You	Peter	Holden	male	Mr. Schuler
2017	1 Mile to You	Jessy	Hughes	female	Georgia
2017	1 Mile to You	Jim Burt	IV	male	Jogger
2017	1 Mile to You	Jeremy	Jude	male	Dennis
2017	1 Mile to You	Gino	Lee	male	Runner
2017	1 Mile to You	Liana	Liberato	female	Henny
2017	1 Mile to You	Karen Kaia	Livers	female	Principal Brill
2017	1 Mile to You	Kasey	Logan	female	Track Meet Fan
2017	1 Mile to You	Lamar	Lott	male	Mr. Butterbit
2017	1 Mile to You	Melanie	Lynskey	female	Coach Rowan
2017	1 Mile to You	Justin	McCammom	male	Trolley
2017	1 Mile to You	Jered	Meeks	male	Funeral Mourner
2017	1 Mile to You	Jaren	Mitchell	male	Jol Brule
2017	1 Mile to You	Ty	Parker	male	Bobby Sickle
2017	1 Mile to You	Laura	Pittman	female	Mrs. Butterbit
2017	1 Mile to You	Michael	Randall	male	Oklahoma Coach
2017	1 Mile to You	Graham	Rogers	male	Kevin
2017	1 Mile to You	Tim	Roth	male	Jarhead
2017	1 Mile to You	Stefanie	Scott	female	Ellie
2017	1 Mile to You	Renwick D.	Scott II	male	Pim
2017	1 Mile to You	Rachel	Tracy	female	Funeral Mourner
2017	1 Mile to You	Jason	Van Eman	male	Bryceville Coach
2017	1 Mile to You	Yul	Vazquez	male	Mr. Sickle
2017	1 Mile to You	Marcus	Vowell	male	Starter
2017	1 Mile to You	Kelly	Wedgeworth	female	Mourner
2017	1 Mile to You	Calvin	Williams	male	Mourner
2017	1 Mile to You	Cotton	Yancey	male	Background
2017	1 Minute Manias!	Jim	Hilton	male	?
2017	1 Minute Manias!	Justin Michael	Terry	male	Mr. Rich
2017	1%	Eddie	Baroo	male	Webby
2017	1%	Ryan	Corr	male	?
2017	1%	Simone	Kessell	female	Hayley
2017	1%	Abbey	Lee	female	?
2017	1%	Matt	Nable	male	?
2017	1%	Gary	Owens	male	Prison Guard
2017	1%	Jacqui	Williams	female	Josie
2017	1% - Den Inre Rsten	Babrak	Akbari	male	Hussein
2017	1% - Den Inre Rsten	Mitcho	Batalov	male	Jansson
2017	1% - Den Inre Rsten	Roddy	Benjaminson	male	TG
2017	1% - Den Inre Rsten	Ellenor	Cidrr	female	Sara
2017	1% - Den Inre Rsten	Birgitta	Ekstrm Johnsson	female	Eva
2017	1% - Den Inre Rsten	Magdalena Runesdotter	Eriksson	female	Anette
2017	1% - Den Inre Rsten	Anna-Lena	Erlandsson	female	Lina
2017	1% - Den Inre Rsten	Jonas	Granat	male	Jonas
2017	1% - Den Inre Rsten	Christoffer	Green	male	Biffen
2017	1% - Den Inre Rsten	Conny	Green	male	Hoggen
2017	1% - Den Inre Rsten	Ingemar	Hansn	male	Kaiser
2017	1% - Den Inre Rsten	Fredrik	Hkansson	male	Slaktaren
2017	1% - Den Inre Rsten	Rolf	Jarl	male	Big
2017	1% - Den Inre Rsten	Jens	Johnsson	male	Pgen
2017	1% - Den Inre Rsten	Peter	Kristoffersson	male	Rille
2017	1% - Den Inre Rsten	Jrgen	Kruth	male	Biker
2017	1% - Den Inre Rsten	David	Labrava	male	Top Dog
2017	1% - Den Inre Rsten	Kalle	Lane	male	Ymer
2017	1% - Den Inre Rsten	Jake E.	Lundberg	male	Jens
2017	1% - Den Inre Rsten	Joakim	Lundberg	male	Jens
2017	1% - Den Inre Rsten	Berner	Lundgren	male	Advokaten
2017	1% - Den Inre Rsten	Jonas	Lundgren	male	Fox
2017	1% - Den Inre Rsten	Christoffer	Matz	male	Gustafsson
2017	1% - Den Inre Rsten	Korosh	Mirhosseini	male	Scoletti
2017	1% - Den Inre Rsten	Mats	Mrtensson	male	Psyko
2017	1% - Den Inre Rsten	Emelie	Nilsson	female	Julia
2017	1% - Den Inre Rsten	Martzy	Nilsson	female	Mamma
2017	1% - Den Inre Rsten	Marcus	Nobreus	male	Gurra
2017	1% - Den Inre Rsten	Malin	Olsson	female	Indianens fickvn
2017	1% - Den Inre Rsten	Carlos	Paulsson	male	Polis
2017	1% - Den Inre Rsten	Jrgen	Persson	male	Maxy
2017	1% - Den Inre Rsten	May	Qwinten	female	Carina
2017	1% - Den Inre Rsten	Jesper	Sanneving	male	Indianen
2017	1% - Den Inre Rsten	Jerry	Solfeldt	male	Sonny
2017	1% - Den Inre Rsten	Tomas	Strindin	male	Sam
2017	1% - Den Inre Rsten	Marcus	Waltermark	male	Gran Andersson
2017	1% - Den Inre Rsten	Mikael P.	Wilson	male	?
2017	1-800-ID10T	Amar	Mahase	male	Knotty
2017	1-800-SO-LATE	Eric	Bridges	male	Clown
2017	1-800-SO-LATE	Kevin	Dary	male	Stranger 3
2017	1-800-SO-LATE	Mat	Duey	male	BOB
2017	1-800-SO-LATE	Filip	Emery	male	Stranger 2
2017	1-800-SO-LATE	Adel	Gheloum	male	Stranger 1
2017	1-800-SO-LATE	Clayton	Haymes	male	Cute Guy 1
2017	1-800-SO-LATE	Agnes	Hirdwall	female	Cute Girl 1
2017	1-800-SO-LATE	Anthony	Papastrat	male	Fred
2017	1-800-SO-LATE	Parker	Royal	male	Stranger 4
2017	1-800-SO-LATE	Maria	Segenova	female	ALICE
2017	1-Ldk	Lucie	Aron	female	Cynthia
2017	1-Ldk	Benjamin	Werth	male	Charlie
2017	1.20.17	Kiana	Madani	female	Sara
2017	1.20.17	Jared	Milrad	male	Aaron
2017	1.20.17	Uche	Uba	male	Damon
2017	1/2	Antonio	Buccarello	male	Davide Grulli
2017	1/2	Fabrizio	Croci	male	Leo Baretti
2017	1/2	Piergiorgio	Gallicani	male	Padre
2017	1/2	Donatello	Landi	male	Presentatore
2017	1/2	Maurizio	Lupinelli	male	Marco
2017	1/2	Stefania	Maceri	female	Moglie di Franco
2017	1/2	Luca	Nucera	male	Emiliano
2017	1/2	Carlotta	Pircher	female	Beatrice
2017	1/2	Carlo	Rizzelli	male	Carlo
2017	1/2	Loredana	Scianna	female	Vilsa Solca
2017	1/2	Daniela	Stecconi	female	Madre
2017	1/2	Francesco	Stomboli	male	Andrea
2017	1/2	Stefano	Terenziani	male	Franco
2017	1/2 Nelson	Anthony	Bonaventura	male	Chris
2017	1/2 Nelson	Ross	Bridgeman	male	Leo
2017	1/2 Nelson	Cody	Derr	male	Nelson
2017	1/2 Nelson	Benedict	Mazurek	male	Tim
2017	1/2 Nelson	Kaitlyn	Raymond	female	Linda
2017	1/2 Nelson	Akaash	Yadav	male	Dave
2017	10 Days	Laura	Brocca	female	Francesca
2017	10 Days	Lizzy	Capcc	female	Nicole (2017)
2017	10 Days	Ryan	Foor	male	Max
2017	10 Days	Facundo	Garcia-Flores	male	Breet
2017	10 Days	Joan	Glackin	female	Alex
2017	10 Days	Ashlei	Hazell	female	Keira
2017	10 Days	Laurel	Jones	female	Jenny
2017	10 Days	Rebecca	Lampiasi	female	Grace
2017	10 Days	Molly Simone	Lang	female	Fleurs
2017	10 Days	Madeleine Claire	Moore	female	Emily
2017	10 Days	Alex	Mutti	female	Sasha
2017	10 Days	Taylor	Pfenning	female	Natalie
2017	10 Days	Isaiah Salem	Rivera	male	Carlo
2017	10 Days	Phyllcia	Saltzgaber	female	Vivian
2017	10 Days	Andrea	Schumann	female	Jess
2017	10 Days	Jeremy	Stewart	male	Rob
2017	10 Days	Ana	Valdes	female	Samantha
2017	10 K	Clea	Alsip	female	Woman
2017	10 K	J.J.	Kandel	male	Man
2017	10 Segundos	Ravel	Andrade	male	Doga
2017	10 Segundos	Sandra	Corveloni	female	Angelina
2017	10 Segundos	Keli	Freitas	female	Cida
2017	10 Segundos	Ricardo	Gelli	male	Silvano
2017	10 Segundos	Osmar	Prado	male	Kid Jofre
2017	10 Segundos	Samuel	Toledo	male	Zumbano
2017	10 Segundos	Christiano	Torreo	male	Higino
2017	10 Segundos	Daniel	de Oliveira	male	Eder Jofre
2017	10% Remaining	Chandler	Darby	male	Kevin
2017	10% Remaining	Molly	Evensen	female	Minnie
2017	10% Remaining	Ritchie	Hann	male	Noah
2017	10% Remaining	Natasha	Ivkovic	female	Susan
2017	10% Remaining	Bria	Pellandini	female	Melody
2017	10% Remaining	Tyler	Richmeier	male	Mark
2017	10% Remaining	David Shea	San Miguel	male	Evan
2017	10% Remaining	Zachariah	Tkachyk	male	Selfie Stick Zombie
2017	10/31/16	Samantha	Anderson	female	Shannon
2017	10/31/16	Taylor	Aulbach	female	Bela
2017	10/31/16	Alivea	Disney-LaFavor	female	?
2017	10/31/16	Greg	Fallon	male	Peter McNeely
2017	10/31/16	Kirby	Gocke	female	Mrs. McNeely
2017	10/31/16	Star	McCann	female	Bela's Mom
2017	10/31/16	Micah	Patterson	male	Mike
2017	10/31/16	Jordan	Phipps	female	Mary McNeely
2017	10/31/16	Darius	White	male	Dante
2017	100 Years	America	Ferrera	female	?
2017	100 Years	Mindy	Kaling	female	Narrator
2017	100 Years	Jennifer	Lawrence	female	Narrator
2017	100 Years	Meryl	Streep	female	Narrator
2017	100 Years	Constance	Wu	female	Narrator
2017	100% Coco	Valentijn	Av	male	Bruno
2017	100% Coco	Firy	Beuk	female	Jada
2017	100% Coco	Eva	Duijvestein	female	Moeder Coco
2017	100% Coco	Faye	Gunther	female	Holly
2017	100% Coco	Iris	Hesseling	female	Alicia
2017	100% Coco	Dfano	Holwijn	male	Dfano
2017	100% Coco	Nola	Kemper	female	Coco
2017	100% Coco	Rienus	Krul	male	Hulleman
2017	100% Coco	Anna-Sophie	Kummer	female	Roxanne
2017	100% Coco	Rosaline	Lantink	female	Bibi
2017	100% Coco	Loes	Schnepper	female	Mevrouw Vergeer
2017	100% Coco	Dionne	Slagter	female	?
2017	100% Coco	Sydney	Tros	female	Felice
2017	100% Coco	Thom	Vendrik	male	Vince
2017	100% Coco	Keanu	Visscher	male	Kenzo
2017	100% Coco	Vincent	Visser	male	Ferry
2017	100% Coco	Merel	de Zwart	female	Amanda
2017	1000 Arten, den Regen zu beschreiben	Emma	Bading	female	Miri
2017	1000 Arten, den Regen zu beschreiben	Bibiana	Beglau	female	Susanne
2017	1000 Arten, den Regen zu beschreiben	Janina	Fautz	female	Elli
2017	1000 Arten, den Regen zu beschreiben	Louis	Hofmann	male	Oliver
2017	1000 Arten, den Regen zu beschreiben	Bjarne	Mdel	male	Thomas
2017	1000 Arten, den Regen zu beschreiben	Nikolai	Will	male	Herr Ahrweiler
2017	100m Criminal Conviction	Megs	Mulkins	female	Lead female role
2017	1040 Not So EZ	William Austin	Barker	male	Troy
2017	1040 Not So EZ	Deshon	Barnes	male	DJ Mic Check
2017	1040 Not So EZ	Keylynn	Boyce	female	Debbie
2017	1040 Not So EZ	Jordan Michael	Brinkman	male	Police Officer 1
2017	1040 Not So EZ	Dave	Buckman	male	Detective Percy
2017	1040 Not So EZ	Devante	Dillard	male	Shad
2017	1040 Not So EZ	Kristine	Fitzgerald	female	Unemployment Teller
2017	1040 Not So EZ	Catherine	Gamble	female	G-Ma
2017	1040 Not So EZ	Raylene	Gill	female	Secretary of the Board
2017	1040 Not So EZ	Woody Wilson	Hall	male	Mr. Fairbanks
2017	1040 Not So EZ	Ian	Harrup	male	Airport Security Officer
2017	1040 Not So EZ	Lucrisa	Hillard	female	Medical Personel
2017	1040 Not So EZ	Dontelle	Jackson	male	Investigator Collins
2017	1040 Not So EZ	Skeeta	Jenkins	male	?
2017	1040 Not So EZ	Paul	Jones	male	Ali Ibrahim
2017	1040 Not So EZ	Tracy	Jordan	female	President of the Board
2017	1040 Not So EZ	Drake	Malone	male	Lincoln Huckleberry
2017	1040 Not So EZ	Kimberly	Mandell	female	Restaurant Employee
2017	1040 Not So EZ	Jesse	Marshall	male	Bank Manager
2017	1040 Not So EZ	Charity	McBay	female	Brooke Farnsworth
2017	1040 Not So EZ	Samone	Murray	female	Ben's Mother
2017	1040 Not So EZ	Angela	Patterson-Young	female	Customer 1
2017	1040 Not So EZ	Amy	Patton	female	Waitress
2017	1040 Not So EZ	Rickey	Pinkney	male	?
2017	1040 Not So EZ	Lexter	Rivera-Santana	male	D'Mario
2017	1040 Not So EZ	Pietro	Rotondi	male	?
2017	1040 Not So EZ	Babu	Saleem	male	Gas Station Attendant
2017	1040 Not So EZ	Timeca M.	Seretti	female	Cecilia Ibrahim
2017	1040 Not So EZ	Quinton Ivy White	Simpson	male	?
2017	1040 Not So EZ	Quintina	Simpson-Nanton	female	Airport Security
2017	1040 Not So EZ	Art	Stroman	male	Benjamin Imran
2017	1040 Not So EZ	Emperatriz	Stroman	female	Angela Black
2017	1040 Not So EZ	Kendrick	Thomas	male	Bank Teller
2017	1040 Not So EZ	Valerie	Valdez	female	Customer 2
2017	106 White Lake	Elizabeth	Mears	female	Woman 2
2017	106 White Lake	Kirsten	Ray	female	Woman 1
2017	1066: A Year to Conquer England	Jotham	Annan	male	Robert De Beaumont
2017	1066: A Year to Conquer England	Andrew	Havill	male	Archbishop Stigand
2017	1066: A Year to Conquer England	Adam	James	male	Harold Godwinson
2017	1066: A Year to Conquer England	Simon	Meacock	male	Gyrth
2017	1066: A Year to Conquer England	Freya	Parker	female	Matilda
2017	1066: A Year to Conquer England	Tim	Preece	male	Edward the Confessor
2017	1066: A Year to Conquer England	Alun	Raglan	male	Tostig
2017	1066: A Year to Conquer England	Clive	Russell	male	Harold Hardrada
2017	1066: A Year to Conquer England	Dan	Snow	male	Himself - Presenter
2017	1066: A Year to Conquer England	David	Sterne	male	English Noble
2017	1066: A Year to Conquer England	Juliet	Stevenson	female	Herself - Narrator
2017	1066: A Year to Conquer England	Ed	Stoppard	male	William the Conqueror
2017	107 Kim Possible Facts	Amber Eliese	May	female	Herself
2017	109333 the Yellow Car	Kevin	Enderby	male	Himself
2017	10th Ave.	Chris McCabe	Adams	male	Pat Connelly (2016)
2017	10th Ave.	Chris McCabe	Adams	male	?
2017	10th Ave.	Joseph	Cirillo	male	Joe O'Boyle (2016)
2017	10th Ave.	Joseph	Cirillo	male	?
2017	10th Ave.	Jose	Claudio	male	Frankie D. (2016)
2017	10th Ave.	Jose	Claudio	male	?
2017	10th Ave.	Alex	Echiavera	male	Chris Pinder (2016)
2017	10th Ave.	Lisette	Finevelvet	female	?
2017	10th Ave.	Ronnie	Kokas	male	?
2017	10th Ave.	Alesio	Lanza	male	Terry Dolan (2016)
2017	10th Ave.	Alesio	Lanza	male	?
2017	10th Ave.	Ryan	Moore	male	?
2017	10th Ave.	Gerren	Nixon	male	John Boyd (2016)
2017	10th Ave.	Gerren	Nixon	male	?
2017	10th Ave.	Bill	Rapp	male	Moishe Goldberg (2016)
2017	10th Ave.	Jonathan	Rentler	male	Belfast Sean (2016)
2017	10th Ave.	Jonathan	Rentler	male	?
2017	10th Ave.	Erin	Shaughnessy	female	?
2017	10th Ave.	Jeffrey Alan	Solomon	male	?
2017	10th Ave.	Leo	Sotomayor	male	Nino (2016)
2017	10th Ave.	Leo	Sotomayor	male	?
2017	10th Ave.	Julian	Thomas	male	B.J. Jones (2016)
2017	10th Ave.	Julian	Thomas	male	?
2017	10th Ave.	Alex	Xenos	male	Paul C. (2016)
2017	10th Ave.	Alex	Xenos	male	?
2017	10x10	Hilary	Agostini	female	Yoga/gym client
2017	10x10	Keila J.	Brown	female	Sharon
2017	10x10	Ruby	Bustamante	female	Teenager
2017	10x10	Olivia	Chenery	female	Alana
2017	10x10	Noel	Clarke	male	Dennis
2017	10x10	Rosie	Day	female	Debbie
2017	10x10	Skye Lucia	Degruttola	female	Summer
2017	10x10	Norma	Dixit	female	Alondra
2017	10x10	Luke	Evans	male	Lewis
2017	10x10	Stacy	Hall	male	Officer Gray
2017	10x10	Benjamin	Hoetjes	male	Casey
2017	10x10	Jackson	Kai	male	Yoga
2017	10x10	Jason	Maza	male	Officer Wayland
2017	10x10	Christian	Meier	male	Jarrod
2017	10x10	Kelly	Reilly	female	Cathy
2017	10x10	Miles	Webb	male	Teenager
2017	10x10	Jill	Winternitz	female	Jen
2017	10x10	Jessica	Young	female	Lady In The Shower
2017	11	Osman	Cavci	male	Dr. etin
2017	11	Zeynep	Glay	female	Zeynep
2017	116	Julia	Campanelli	female	Woman
2017	116	Sean Yves	Lessard	male	Man
2017	116	Zach	McNally	male	Waiter
2017	12 Days of Giving	Dan	Bauer	male	Elf
2017	12 Days of Giving	David	Blue	male	Baxter Billings
2017	12 Days of Giving	Laura	Carlson-Lum	female	Jennifer
2017	12 Days of Giving	Jax	Connolly	male	Westin
2017	12 Days of Giving	Walter	Coppage	male	Mr. Garrett
2017	12 Days of Giving	Linda	Cutts	female	Mrs. Foster
2017	12 Days of Giving	Meagan	Flynn	female	Lydia
2017	12 Days of Giving	Brooklyn	Funk	female	Little Girl
2017	12 Days of Giving	Preston James	Hillier	male	Toby Billings
2017	12 Days of Giving	Lance	Holloway	male	Derek
2017	12 Days of Giving	Ashley	Jones	female	Pamela Collins
2017	12 Days of Giving	Tricia	Nangkal	female	Amanda Shen
2017	12 Days of Giving	Melanie	Recker	female	Audrey
2017	12 Deaths of Christmas	Michelle	Archer	female	Leslie
2017	12 Deaths of Christmas	Tom	Bowen	male	Wildon
2017	12 Deaths of Christmas	Amy	Burrows	female	Miss Kitchen
2017	12 Deaths of Christmas	Sian	Crisp	female	Martha Gittings
2017	12 Deaths of Christmas	Oliver	Ebsworth	male	Callum
2017	12 Deaths of Christmas	Becky	Fletcher	female	Jessica
2017	12 Deaths of Christmas	Claire-Maria	Fox	female	Vanessa
2017	12 Deaths of Christmas	Tim	Freeman	male	Joe
2017	12 Deaths of Christmas	Amelia	Godfrey	female	Molly's Daughter
2017	12 Deaths of Christmas	Faye	Goodwin	female	Amy
2017	12 Deaths of Christmas	Dottie	James	male	Debbie
2017	12 Deaths of Christmas	Oliver John	Lee	male	Kevin
2017	12 Deaths of Christmas	Tara	MacGowran	female	Frau Perchta
2017	12 Deaths of Christmas	Tony	Manders	male	Alfie
2017	12 Deaths of Christmas	Emily	McQueen	female	Tiffany-Rae
2017	12 Deaths of Christmas	Penelope	Read	female	Heidi
2017	12 Deaths of Christmas	Henry W.	Smith	male	Krampus
2017	12 Nights with the Grulems	Safron	Beck	female	Barb Grulem
2017	12 Nights with the Grulems	David	Biscoe	male	Bob Grulem (Brother 1)
2017	12 Nights with the Grulems	David	Brown	male	Goth Metal Head
2017	12 Nights with the Grulems	Annarose	Cattanach	male	Brennie
2017	12 Nights with the Grulems	William	Conley	male	Metal head Goth (flame beenie)
2017	12 Nights with the Grulems	Jason	Desporte	male	Big Daddy Grulem
2017	12 Nights with the Grulems	Julian	Gamm	male	Thomas Edwards
2017	12 Nights with the Grulems	Tracy	Gardener	female	?
2017	12 Nights with the Grulems	Jema	Gilsenan	female	Amanda Rae
2017	12 Nights with the Grulems	Justin	Hayward	male	Cam Melurg
2017	12 Nights with the Grulems	Honey	Holmes	female	?
2017	12 Nights with the Grulems	Charlotte	Lee	female	Eve Grulem
2017	12 Nights with the Grulems	Billy James	Machin	male	Conren Stryne
2017	12 Nights with the Grulems	Fionn	Malone	male	Metal Band Lead and Announcer
2017	12 Nights with the Grulems	Reece	Palmer-Lacey	male	Carl Lyle
2017	12 Nights with the Grulems	Dan	Pratt	male	Jack Hammer Grulem
2017	12 Nights with the Grulems	Oli	Regan	male	Simon Lerks
2017	12 Nights with the Grulems	Julian	Seager	male	Jake Grulem (Brother 2)
2017	12 Nights with the Grulems	Mark	Sears	male	Dreaker Grulem
2017	12 Nights with the Grulems	Rebecca	Shiner	female	Mazie Grulem
2017	12 Nights with the Grulems	Dani	Thompson	female	Michelle
2017	12 Nights with the Grulems	Ray	Whelan	male	Neron Grulem
2017	12 Nights with the Grulems	George	Williams	male	Ian Beale
2017	12 Rounds	Eduardo	Espaa	male	Felix
2017	12 Rounds	Mauricio	Fernandez	male	Esteban Silva
2017	12 Rounds	Elsa	Marquez	female	Maria Estrada
2017	12 Rounds	June	Mock	male	Luisito Gatdula
2017	12 Rounds	Sarah	Nichols	female	Elena
2017	12 Rounds	Daro T.	Pie	male	Jorge Gonzalez
2017	12 Rounds	Chepo	Reynoso	male	Jose Robles
2017	12 Rounds	Gabriel	Soriano	male	Mac Espinoza
2017	12 Rounds	Maria	Soriano	female	Sofia Espinoza
2017	12 Rounds	Mario	Zaragoza	male	Sr. Martinez
2017	120 battements par minute	Adle	Haenel	female	Sophie
2017	120 battements par minute	Yves	Heck	male	The French Teacher
2017	120 battements par minute	Emmanuel	Mnard	male	Proviseur
2017	120 battements par minute	Nahuel	Prez Biscayart	male	Sean
2017	120 battements par minute	Franois	Rabette	male	Michel Bernin
2017	120 battements par minute	Arnaud	Valois	male	Nathan
2017	12345	Mo	Cushle	female	Singer
2017	12345	Roxanne	Knutzen	female	Homeless lady
2017	12345	Jean	Paul	male	Dancer
2017	129	Gergely Bence	Agons	male	?
2017	129	Dorottya	Ambrus	female	?
2017	129	Pter	Ambrus	male	?
2017	129	va	Antal	female	?
2017	129	Srkzi Magdolna	Antaln	female	?
2017	129	Kroly	Baksai	male	Medrocorp soldier Nr. 7
2017	129	Sndor	Balogh	male	?
2017	129	Mrk Gyrgy	Balssy	male	?
2017	129	Eliza	Balzs	female	?
2017	129	Rka Barbara	Bardczi	female	?
2017	129	Henriett	Bath	female	?
2017	129	Zoltn	Bath	male	?
2017	129	Erzsbet	Becker	female	?
2017	129	Irn	Bende	female	?
2017	129	Claudia	Benk	female	?
2017	129	Bla	Berki	male	?
2017	129	Erika Veronika	Bodnr	female	?
2017	129	Ldia	Bodor	female	?
2017	129	Gabriella Brigitta	Borsos	female	?
2017	129	Carina	Casa	female	Receptionist
2017	129	Alex	Csapk	male	?
2017	129	Sndorn	Csendes	female	?
2017	129	Dniel	Cseriba	male	?
2017	129	Sndor	Csnyi	male	?
2017	129	Zsfia	Csomoss	female	Tia
2017	129	Boglarka	Cssz	female	Dina
2017	129	Imre	Csuja	male	Alfred/Dash
2017	129	Andrea	Czapr	female	?
2017	129	Gbor	Dallos	male	?
2017	129	Lszl Andor	Doboki	male	?
2017	129	Zsolt	Dr	male	Nr. 129.
2017	129	Barnabs	Duday	male	Robotman in front of the elevator
2017	129	Katinka	Egres	female	Nina
2017	129	Ferenc	Elek	male	Brian
2017	129	Brigitta	Erdhegyi	female	Woman in front of the elevator
2017	129	gnes	Erdlyi	female	?
2017	129	Bob	Exner	male	?
2017	129	Rafaella	Exner	female	?
2017	129	Reka Thalia	Fekete	female	Myra
2017	129	Rent	Fiola Dvid	male	?
2017	129	Zoltn	Fle	male	Medrocorp soldier Nr. 9
2017	129	Alexandra	Gallusz	female	?
2017	129	Pter	Garancsy	male	?
2017	129	Mrk	Gczn	male	?
2017	129	va	Geng	female	?
2017	129	Szabolcs Pl	Gere	male	Medrocorp soldier Nr. 2
2017	129	Gbor	Hevr	male	Voice of Nr. 129
2017	129	Laszlo	Hornok	male	?
2017	129	Zoltn	Horvth	male	Medrocorp soldier Nr. 11
2017	129	kos Jnos	Horvth-Szekn	male	?
2017	129	Attila	Kassay	male	Medrocorp soldier Nr. 23.
2017	129	Andrea	Kisrki	female	Medrocorp soldier Nr. 14
2017	129	Pter	Klloy Molnr	male	Orlando/Taurus
2017	129	Dniel	Kolozsvri	male	Medrocorp soldier Nr. 4
2017	129	Mtys	Komromi	male	?
2017	129	Orsolya	Kovcs	male	?
2017	129	Nra	Krpti	female	?
2017	129	Szabolcs	Kurdi	male	?
2017	129	Zoltn	Ladnyi	male	?
2017	129	Fenyvesi	Laura	male	Chloe
2017	129	Tams	Madr	male	Street dancer 2
2017	129	Attila	Magyar	male	Medrocorp Soldier Nr. 16
2017	129	Szielo	Mark	female	?
2017	129	Zaln	Maurer	male	Business man
2017	129	Szonja	Mayer	female	Lacey
2017	129	Parzs	Mihly	male	Medrocorp soldier Nr. 10
2017	129	Piroska	Molnr	female	Nora
2017	129	Andrs	Mszros	male	Nicolas Cooper/Robert Kovats
2017	129	Lszl	Nagy	male	Medrocorp soldier Nr. 12
2017	129	Doriane	Niabe	female	Secretary woman
2017	129	Jzsef	Nmeth	male	?
2017	129	Marcell	Nmeth	male	?
2017	129	Peter	Noel	male	Street dancer
2017	129	dm	Onody	male	Medrocorp soldier Nr. 3
2017	129	Bernadett	Ostorhazi	female	Lia
2017	129	Johnny K.	Palmer	male	?
2017	129	Fanni	Percze	female	Receptionist
2017	129	Gerda	Pikali	female	Eleonor
2017	129	Dorottya	Pintr	female	Women in black
2017	129	Dvid	Rajzer	male	?
2017	129	Zsolt	Rbai	male	?
2017	129	Domonika	Rezes	female	?
2017	129	Andrea	Rvsz	female	?
2017	129	Krisztin	Simon	male	?
2017	129	Csaba	Sonkl	male	?
2017	129	Rudolf	Srkzi	male	?
2017	129	Erika	Szab	female	Annabelle
2017	129	Barnabs	Szab Sipos	male	Daniel Cooper
2017	129	Attila	Szabados	male	?
2017	129	Balzs	Szalai	male	Medrocorp soldier Nr. 13
2017	129	Bogi	Szarka	female	?
2017	129	David	Szebeni	male	?
2017	129	Krisztina	Szentmiklsi	female	?
2017	129	Fanni	Szilgyi	female	?
2017	129	Gergely	Szirmai	male	Surgeon's assistant
2017	129	Dorottya	Talpassy	male	Medrocorp soldier Nr. 8
2017	129	Tibor	Tamcsu	male	Medrocorp soldier Nr. 1
2017	129	Klri	Tolnai	female	?
2017	129	Franciska	Trcsik	female	Mia
2017	129	Vivien	Tth	female	?
2017	129	Zsolt	Tuska	male	?
2017	129	Beatrix	Utcza	female	?
2017	129	Balzs	Varga	male	Medrocorp soldier Nr. 5
2017	129	Zsuzsa	Vashegyi	female	?
2017	129	Zoltn	Vass	male	?
2017	129	Istvn	Vidmi	male	?
2017	129	Tibor	Vovesz	male	?
2017	129	Istvn	Vradi	male	Arye
2017	129	Mt	Weisz	male	?
2017	129	Gbor	Wiedermann	male	?
2017	129	Fliszr Mria	Zentain	female	?
2017	129	Lszl	Zki	male	?
2017	129	Bence	Zovth	male	Medrocorp soldier Nr. 6
2017	129	Andrs	bel	male	?
2017	129	Erika Annamria	cs	female	?
2017	12:00	Elisa	Fuentes	female	Liz
2017	12:00	Jess	MaGill	male	Aaron
2017	12:00	David	Thomas	male	The Midnight Man
2017	12:01	Kerry	Adams	male	Kurt
2017	12:01	Alison	Barefield	female	?
2017	12:01	Clint	Crane	male	Freddy
2017	12:01	Andretta	Crenshaw	female	Leslie
2017	12:01	Ricky	Jordan	male	Scott
2017	12:01	Harris	Josey	male	Xander
2017	12:01	Liz	Lattimer	female	Monica
2017	12:01	Laurel	Taylor	male	Brenda
2017	12:01	Acorye'	White	male	Mike
2017	12:01	Rachel Marie	Wilson	female	Miranda
2017	12th Man	Thomas	Gullestad	male	Jan Baalsrud
2017	12th Man	Martin	Kiefer	male	Walter Wenders
2017	12th Man	Mads Sjgrd	Pettersen	male	Marius Grnnvoll
2017	12th Man	Jonathan	Rhys Meyers	male	Kurt Stage
2017	13	James	Harkness	male	Luka
2017	13	Anna	Maguire	female	The Girl
2017	13 Miles	Jovanna	Burke	female	?
2017	13 Miles	Jeff	Gonek	male	Darcy
2017	13 Minuteman	Peter	Aguilar	male	Willis
2017	13 Minuteman	Joe	Black	male	Sonny
2017	13 Minuteman	Pam	Boland	female	Eve McMannis
2017	13 Minuteman	Philip J.	Calderone	male	Detective Gomez
2017	13 Minuteman	Colleen	Chan	female	Rachel Miller
2017	13 Minuteman	Calvin	Cross	male	Mr. Harris
2017	13 Minuteman	Mark	Dermott	male	Johnny Sobieski
2017	13 Minuteman	Tony	Devon	male	Ken Banachek
2017	13 Minuteman	Susan	Glover	female	Mary Cirillo
2017	13 Minuteman	Jason	Knight	male	Don Acorn
2017	13 Minuteman	Eloise	Langden	female	Karen
2017	13 Minuteman	Irene	Lincoln	female	Anne
2017	13 Minuteman	Kristine	Olivera	female	Ronnie
2017	13 Minuteman	Mike	Starr	male	Joel Weinstein
2017	13 Reasons Why	Natalie Stephany	Aguilar	female	Student
2017	13 Reasons Why	Matthew	Alan	male	Seth
2017	13 Reasons Why	Michele Selene	Ang	female	Courtney Crimsen
2017	13 Reasons Why	Michael	Arias	male	Student
2017	13 Reasons Why	Kyle	Audiss	male	?
2017	13 Reasons Why	Sloane	Ayres	female	Student
2017	13 Reasons Why	Sosie	Bacon	female	Skye
2017	13 Reasons Why	Jamie Taylor	Ballesta	female	?
2017	13 Reasons Why	William W.	Barbour	male	Coffee Shop Patron
2017	13 Reasons Why	William W.	Barbour	male	Coffee Shop patron
2017	13 Reasons Why	William W.	Barbour	male	Teacher
2017	13 Reasons Why	William W.	Barbour	male	College Football Recruiter
2017	13 Reasons Why	Marissa	Bell	female	Cheerleader
2017	13 Reasons Why	Olivia	Blue	female	Student
2017	13 Reasons Why	Alisha	Boe	female	Jessica